date,agent,task,start,end,minutes,branch,commit,notes
2025-12-15,codex-cli,extract pages 1-5,2025-12-15T15:15:59Z,2025-12-15T15:24:48Z,9,run/20251215-codex-extraction-pass1,b2107c2,"Added notes for pages 1-5 and seeded indices plus initial clusters."
2025-12-15,codex-cli,docs: clarify run + extraction-first,2025-12-15T15:29:33Z,2025-12-15T15:32:55Z,3,run/20251215-codex-extraction-pass1,7480856,"Clarified run scope and extraction-first sequencing in instructions."
2025-12-15,codex-cli,extract pages 6-10,2025-12-15T15:34:30Z,2025-12-15T15:40:43Z,6,run/20251215-codex-extraction-pass1,8e09a9d,"Added notes for pages 6-10 and updated indices plus new clusters."
2025-12-15,codex-cli,rename run branch,2025-12-15T15:44:07Z,2025-12-15T15:45:21Z,1,run/20251215-codex-extraction-pass1,3a8f2b5,"Renamed run branch and updated run metadata references."
2025-12-15,codex-cli,extract pages 11-15,2025-12-15T17:27:01Z,2025-12-15T17:34:06Z,7,run/20251215-codex-extraction-pass1,43bae20,"Added notes for pages 11-15 and updated indices plus clusters."
2025-12-15,codex-cli,extract pages 16-20,2025-12-15T17:34:46Z,2025-12-15T17:40:27Z,6,run/20251215-codex-extraction-pass1,6594a75,"Added notes for pages 16-20 and updated indices plus clusters."
2025-12-15,codex-cli,extract pages 21-25,2025-12-15T17:41:08Z,2025-12-15T17:47:08Z,6,run/20251215-codex-extraction-pass1,17ca280,"Added notes for pages 21-25 and updated indices plus clusters."
2025-12-15,codex-cli,extract pages 26-30,2025-12-15T17:48:56Z,2025-12-15T17:57:37Z,9,run/20251215-codex-extraction-pass1,a87cee9,"Added notes for pages 26-30 and updated indices plus clusters."
2025-12-15,codex-cli,extract pages 31-35,2025-12-15T17:59:40Z,2025-12-15T18:06:06Z,6,run/20251215-codex-extraction-pass1,795f0ed,"Added notes for pages 31-35 and updated indices plus clusters."
2025-12-15,codex-cli,extract pages 36-40,2025-12-15T18:13:32Z,2025-12-15T18:19:38Z,6,run/20251215-codex-extraction-pass1,c9e2ee0,"Added notes for pages 36-40 and updated indices plus clusters."
2025-12-15,codex-cli,extract pages 41-45,2025-12-15T18:20:34Z,2025-12-15T18:32:36Z,12,run/20251215-codex-extraction-pass1,f44fad7,"Added notes for pages 41-45 and updated indices plus clusters."
2025-12-15,codex-cli,extract pages 46-50,2025-12-15T18:33:46Z,2025-12-15T18:43:38Z,10,run/20251215-codex-extraction-pass1,41da90a,"Added notes for pages 46-50 and updated indices plus clusters."
2025-12-15,codex-cli,extract pages 51-55,2025-12-15T18:50:18Z,2025-12-15T18:56:47Z,6,run/20251215-codex-extraction-pass1,12663f7,"Added notes for pages 51-55 and updated indices plus clusters."
2025-12-15,codex-cli,extract pages 56-60,2025-12-15T18:57:54Z,2025-12-15T19:05:43Z,8,run/20251215-codex-extraction-pass1,7cbbac1,"Added notes for pages 56-60 and updated indices plus clusters."
2025-12-15,codex-cli,skills: murder analysis + ledgers,2025-12-15T19:22:00Z,2025-12-15T19:26:53Z,5,run/20251215-codex-extraction-pass1,e1851b9,"Added murder-analysis skills and created cast/confidence ledgers."
2025-12-15,codex-cli,extract pages 61-65,2025-12-15T19:39:49Z,2025-12-15T19:54:52Z,15,run/20251215-codex-extraction-pass1,9ce1af5,"Added notes for pages 61-65 and updated indices, clusters, and murder ledgers."
